{
    "Albania": {
        "survival": -0.8041252310592435,
        "traditional": -0.7427217861465146
    },
    "Algeria": {
        "survival": -0.8930871056737891,
        "traditional": -0.7815304590604133
    },
    "Andorra": {
        "survival": 2.2132777130331944,
        "traditional": 0.5809801048912009
    },
    "Argentina": {
        "survival": 0.22081599143453362,
        "traditional": -0.38924669685059704
    },
    "Armenia": {
        "survival": -0.8811276910296175,
        "traditional": -0.2670696789818628
    },
    "Australia": {
        "survival": 2.2878110932601077,
        "traditional": 0.5861294348703286
    },
    "Austria": {
        "survival": 1.9706642095811138,
        "traditional": 0.6493553815494122
    },
    "Azerbaijan": {
        "survival": -0.8236822166544285,
        "traditional": -0.3991178546443222
    },
    "Bangladesh": {
        "survival": -0.6538256423095713,
        "traditional": -1.5029344559039577
    },
    "Belarus": {
        "survival": -0.3050370689203385,
        "traditional": 0.3043259011065799
    },
    "Belgium": {
        "survival": 1.5023555779128628,
        "traditional": 0.17307411694779698
    },
    "Bolivia": {
        "survival": -0.34724186211926694,
        "traditional": -1.2244925499706418
    },
    "Bosnia H.": {
        "survival": -0.6599474282867,
        "traditional": -0.05596049868857785
    },
    "Brazil": {
        "survival": -0.07033384521342725,
        "traditional": -0.29739391550412686
    },
    "Bulgaria": {
        "survival": -0.5257739409627941,
        "traditional": 0.6797759269385582
    },
    "Burkina Faso": {
        "survival": -0.7723100866640019,
        "traditional": -1.2190854775325086
    },
    "Canada": {
        "survival": 2.0827913917904715,
        "traditional": 0.8303214285332614
    },
    "Chile": {
        "survival": -0.08414989035128576,
        "traditional": 0.22281480503894696
    },
    "China": {
        "survival": -0.10337576280891661,
        "traditional": 0.5978096280552518
    },
    "Colombia": {
        "survival": 0.3033831099527817,
        "traditional": -1.5595545637643593
    },
    "Croatia": {
        "survival": 0.10294425550109675,
        "traditional": 0.10955531281906107
    },
    "Cyprus": {
        "survival": -0.4661993786671638,
        "traditional": -0.4093907850418082
    },
    "Czech Republic": {
        "survival": 1.0102248205164561,
        "traditional": 1.2023158038649673
    },
    "Denmark": {
        "survival": 2.91770021735237,
        "traditional": 1.0598508735459158
    },
    "Ecuador": {
        "survival": 0.05735824177158819,
        "traditional": -1.7193502871419426
    },
    "Egypt": {
        "survival": -2.2318471907185238,
        "traditional": -0.8543665677799215
    },
    "Estonia": {
        "survival": 0.7232586409697465,
        "traditional": 0.9173477510710938
    },
    "Ethiopia": {
        "survival": -0.9461026177184583,
        "traditional": -1.3282088240962822
    },
    "Finland": {
        "survival": 2.4782068851064225,
        "traditional": 0.8324313934018948
    },
    "France": {
        "survival": 1.9251499926597027,
        "traditional": 0.4981551558917785
    },
    "Georgia": {
        "survival": -0.7900708413829323,
        "traditional": -1.0151695878684892
    },
    "Germany": {
        "survival": 2.1852558655606917,
        "traditional": 0.9231971308906013
    },
    "Ghana": {
        "survival": -1.0120392734076136,
        "traditional": -1.8382074865412885
    },
    "Great Britain": {
        "survival": 2.360057892124619,
        "traditional": 0.43605080357306963
    },
    "Greece": {
        "survival": -0.2540868897751546,
        "traditional": 0.2740944949279125
    },
    "Guatemala": {
        "survival": 0.03690921910445323,
        "traditional": -0.9979196050022584
    },
    "Haiti": {
        "survival": 0.09891367863346048,
        "traditional": -0.8497195906689471
    },
    "Hong Kong SAR": {
        "survival": -0.04251919991825287,
        "traditional": 1.473764611761795
    },
    "Hungary": {
        "survival": 0.043458823017706476,
        "traditional": 0.606277387764948
    },
    "Iceland": {
        "survival": 2.9391227258231667,
        "traditional": 0.5439397595060905
    },
    "India": {
        "survival": -0.8353567607288355,
        "traditional": -0.7060352381960839
    },
    "Indonesia": {
        "survival": -0.8016164543108102,
        "traditional": -1.2228742422798506
    },
    "Iran": {
        "survival": -0.8930662455524065,
        "traditional": -0.5398984864061555
    },
    "Iraq": {
        "survival": -1.3175806456101389,
        "traditional": -0.8453380339087652
    },
    "Israel": {
        "survival": 0.6116823578213598,
        "traditional": 0.2078732342421618
    },
    "Italy": {
        "survival": 0.8269688268289213,
        "traditional": 0.3660462379686118
    },
    "Japan": {
        "survival": 1.3280272303053495,
        "traditional": 1.641278522328884
    },
    "Jordan": {
        "survival": -1.1787491986977068,
        "traditional": -1.5818703945159742
    },
    "Kazakhstan": {
        "survival": -0.6592081667628316,
        "traditional": -0.12436586837263076
    },
    "Kenya": {
        "survival": -0.24377605457088158,
        "traditional": -0.9219333564636439
    },
    "Kyrgyzstan": {
        "survival": -0.5217628694206258,
        "traditional": -1.3906867799730935
    },
    "Latvia": {
        "survival": -0.043682705897632325,
        "traditional": 0.852598431047078
    },
    "Lebanon": {
        "survival": -1.051710329372488,
        "traditional": -0.5350797496516472
    },
    "Libya": {
        "survival": -1.0943445461562387,
        "traditional": -1.7600210619691374
    },
    "Lithuania": {
        "survival": -0.17082833742840114,
        "traditional": 0.8767722940308297
    },
    "Luxembourg": {
        "survival": 1.4038289582509471,
        "traditional": 0.35760260132461325
    },
    "Macau SAR": {
        "survival": 0.22043708700605733,
        "traditional": 1.2884044304112938
    },
    "Malaysia": {
        "survival": -0.35861838859604234,
        "traditional": 0.06255701780931587
    },
    "Maldives": {
        "survival": -0.628184397831457,
        "traditional": -1.3783536853328948
    },
    "Mali": {
        "survival": -0.08167282348550114,
        "traditional": -1.3770339974648043
    },
    "Mexico": {
        "survival": 0.2646019976809932,
        "traditional": -1.0533195498160735
    },
    "Moldova": {
        "survival": -1.5338874635618338,
        "traditional": 0.18104894092213797
    },
    "Mongolia": {
        "survival": 0.16365280029720788,
        "traditional": 0.765976038084515
    },
    "Montenegro": {
        "survival": 0.004630460909800502,
        "traditional": -0.4212066558762269
    },
    "Morocco": {
        "survival": -0.7890313736157188,
        "traditional": -0.3144350440488341
    },
    "Myanmar": {
        "survival": -0.9106827352795164,
        "traditional": -1.0314066031110247
    },
    "N.Macedonia": {
        "survival": -0.2422162670893934,
        "traditional": 0.09488015636523257
    },
    "Netherlands": {
        "survival": 2.5260445722968154,
        "traditional": 0.7353452508962196
    },
    "New Zealand": {
        "survival": 2.883660344390349,
        "traditional": 0.5741384338956906
    },
    "Nicaragua": {
        "survival": -0.3198428590801833,
        "traditional": -1.7124406590033099
    },
    "Nigeria": {
        "survival": -1.0731590145582888,
        "traditional": -1.3759746862668294
    },
    "Norway": {
        "survival": 3.0640171009341115,
        "traditional": 0.9668693633520208
    },
    "Pakistan": {
        "survival": -0.593310506432829,
        "traditional": -1.384749504413806
    },
    "Palestine": {
        "survival": -1.3409290168307428,
        "traditional": -0.9200429642692602
    },